"","Title","Cited.by","rank","factor","count","prop","relation","zipfs","error"
"1","Adaptation to climate change in Ethiopia and South Africa: options and constraints",805,1,"Adaptation to climate change in Ethiopia and South Africa: options and constraints",805,0.15,1,805,0
"2","Water sustainability: Anthropological approaches and prospects",271,2,"Water sustainability: Anthropological approaches and prospects",271,0.05,2.97,402.5,0.33
"3","Hybrid political orders, not fragile states",205,3,"Hybrid political orders, not fragile states",205,0.04,3.93,268.33,0.24
"4","Farmers' climate change beliefs and adaptation strategies for a water scarce future in Australia",202,4,"Farmers' climate change beliefs and adaptation strategies for a water scarce future in Australia",202,0.04,3.99,201.25,0
"5","Blue growth and blue justice: Ten risks and solutions for the ocean economy",176,5,"Blue growth and blue justice: Ten risks and solutions for the ocean economy",176,0.03,4.57,161,0.09
"6","Is smart city resilient? Evidence from China",149,6,"Is smart city resilient? Evidence from China",149,0.03,5.4,134.17,0.11
"7","Framing the application of adaptation pathways for rural livelihoods and global change in eastern Indonesian islands",120,7,"Framing the application of adaptation pathways for rural livelihoods and global change in eastern Indonesian islands",120,0.02,6.71,115,0.04
"8","Migration as adaptation strategy to cope with climate change: A study of farmers’ migration in rural India",92,8,"Migration as adaptation strategy to cope with climate change: A study of farmers’ migration in rural India",92,0.02,8.75,100.62,0.09
"9","Korean shamans and the spirits of capitalism",91,9,"Korean shamans and the spirits of capitalism",91,0.02,8.85,89.44,0.02
"10","Sense of place in social–ecological systems: from theory to empirics",74,10,"Sense of place in social–ecological systems: from theory to empirics",74,0.01,10.88,80.5,0.08
"11","The Impact of Persistent Terrorism on Political Tolerance: Israel, 1980 to 2011",65,11,"The Impact of Persistent Terrorism on Political Tolerance: Israel, 1980 to 2011",65,0.01,12.38,73.18,0.11
"12","Global drivers setting desertification research priorities: Insights from a stakeholder consultation forum",64,12,"Global drivers setting desertification research priorities: Insights from a stakeholder consultation forum",64,0.01,12.58,67.08,0.05
"13","Racial Capitalism and the Crisis of Black Masculinity",59,13,"Racial Capitalism and the Crisis of Black Masculinity",59,0.01,13.64,61.92,0.05
"14","The world system and the hollowing out of state capacity: How structural adjustment programs affect bureaucratic quality in developing countries",57,14,"The world system and the hollowing out of state capacity: How structural adjustment programs affect bureaucratic quality in developing countries",57,0.01,14.12,57.5,0.01
"15","Fuzzy cognitive map-based sustainable socio-economic development planning for rural communities",55,15,"Fuzzy cognitive map-based sustainable socio-economic development planning for rural communities",55,0.01,14.64,53.67,0.02
"16","Introduction: Gender and Resilience",54,16,"Introduction: Gender and Resilience",54,0.01,14.91,50.31,0.07
"17","What drives the vulnerability of pastoralists to global environmental change? A qualitative meta-analysis",50,17,"What drives the vulnerability of pastoralists to global environmental change? A qualitative meta-analysis",50,0.01,16.1,47.35,0.06
"18","Tourism in marine protected areas: Can it be considered as an alternative livelihood for local communities?",46,18,"Tourism in marine protected areas: Can it be considered as an alternative livelihood for local communities?",46,0.01,17.5,44.72,0.03
"19","Community involvement in geoconservation: A conceptual approach based on the geoheritage of South Angola",43,19,"Community involvement in geoconservation: A conceptual approach based on the geoheritage of South Angola",43,0.01,18.72,42.37,0.01
"20","Responses and adaptation strategies of commercial and charter fishers to zoning changes in the Great Barrier Reef Marine Park",43,20,"Responses and adaptation strategies of commercial and charter fishers to zoning changes in the Great Barrier Reef Marine Park",43,0.01,18.72,40.25,0.07
"21","Disasters, local organizations, and poverty in the USA, 1998 to 2015",42,21,"Disasters, local organizations, and poverty in the USA, 1998 to 2015",42,0.01,19.17,38.33,0.1
"22","Unauthorised development and seismic hazard vulnerability: A study of squatters and engineers in Istanbul, Turkey",40,22,"Unauthorised development and seismic hazard vulnerability: A study of squatters and engineers in Istanbul, Turkey",40,0.01,20.12,36.59,0.09
"23","Smart city as a social transition towards inclusive development through technology: a tale of four smart cities",38,23,"Smart city as a social transition towards inclusive development through technology: a tale of four smart cities",38,0.01,21.18,35,0.09
"24","On credit and blame: disentangling the motivations of public policy decision-making behaviour",38,24,"On credit and blame: disentangling the motivations of public policy decision-making behaviour",38,0.01,21.18,33.54,0.13
"25","The landslide hazard and human vulnerability in La Paz City, Bolivia",38,25,"The landslide hazard and human vulnerability in La Paz City, Bolivia",38,0.01,21.18,32.2,0.18
"26","What is ""famine food""? Distinguishing between traditional vegetables and special foods for times of hunger/scarcity (Boumba, Niger)",38,26,"What is ""famine food""? Distinguishing between traditional vegetables and special foods for times of hunger/scarcity (Boumba, Niger)",38,0.01,21.18,30.96,0.23
"27","The build-back-better concept as a disaster risk reduction strategy for positive reconstruction and sustainable development in Zimbabwe: A literature study",37,27,"The build-back-better concept as a disaster risk reduction strategy for positive reconstruction and sustainable development in Zimbabwe: A literature study",37,0.01,21.76,29.81,0.24
"28","The resilience of South African cities a decade after local democracy",37,28,"The resilience of South African cities a decade after local democracy",37,0.01,21.76,28.75,0.29
"29","Worlding the Intangibility of Resilience: The Case of Rice Farmers and Water-Related Risk in the Philippines",36,29,"Worlding the Intangibility of Resilience: The Case of Rice Farmers and Water-Related Risk in the Philippines",36,0.01,22.36,27.76,0.3
"30","Time-aware analysis and ranking of lurkers in social networks",36,30,"Time-aware analysis and ranking of lurkers in social networks",36,0.01,22.36,26.83,0.34
"31","Migration and displacement risks due to mean sea-level rise",34,31,"Migration and displacement risks due to mean sea-level rise",34,0.01,23.68,25.97,0.31
"32","Unpacking research and practice in world Englishes and Second Language Acquisition",34,32,"Unpacking research and practice in world Englishes and Second Language Acquisition",34,0.01,23.68,25.16,0.35
"33","Border management in an era of ‘statebuilding lite’: Security assistance and Lebanon’s hybrid sovereignty",34,33,"Border management in an era of ‘statebuilding lite’: Security assistance and Lebanon’s hybrid sovereignty",34,0.01,23.68,24.39,0.39
"34","A survey of enabling technologies for smart communities",33,34,"A survey of enabling technologies for smart communities",33,0.01,24.39,23.68,0.39
"35","Tracking the leavers: Towards a better understanding of doctor migration from Ireland to Australia 2008-2018",33,35,"Tracking the leavers: Towards a better understanding of doctor migration from Ireland to Australia 2008-2018",33,0.01,24.39,23,0.43
"36","Integrating vulnerability analysis and risk assessment in flood loss mitigation: An evaluation of barriers and challenges based on evidence from Ireland",33,36,"Integrating vulnerability analysis and risk assessment in flood loss mitigation: An evaluation of barriers and challenges based on evidence from Ireland",33,0.01,24.39,22.36,0.48
"37","Collapse of an online social network: Burning social capital to create it?",31,37,"Collapse of an online social network: Burning social capital to create it?",31,0.01,25.97,21.76,0.42
"38","Revolution in the Garbage Dump: The Political and Economic Foundations of the Colombian Recycler Movement, 1986-2011",31,38,"Revolution in the Garbage Dump: The Political and Economic Foundations of the Colombian Recycler Movement, 1986-2011",31,0.01,25.97,21.18,0.46
"39","Inequality generation & persistence as multidimensional processes: An interdisciplinary agenda",30,39,"Inequality generation & persistence as multidimensional processes: An interdisciplinary agenda",30,0.01,26.83,20.64,0.45
"40","Recovery and resilience of communities in flood risk zones in a small island developing state: A case study from a suburban settlement of Port Louis, Mauritius",30,40,"Recovery and resilience of communities in flood risk zones in a small island developing state: A case study from a suburban settlement of Port Louis, Mauritius",30,0.01,26.83,20.12,0.49
"41","The price of admission: Organizational deference as strategic behavior",30,41,"The price of admission: Organizational deference as strategic behavior",30,0.01,26.83,19.63,0.53
"42","Economists, capitalists, and the making of globalization: North American free trade in comparative-historical perspective",30,42,"Economists, capitalists, and the making of globalization: North American free trade in comparative-historical perspective",30,0.01,26.83,19.17,0.56
"43","Impacts of the Moreton Bay Marine Park rezoning on commercial fishermen",30,43,"Impacts of the Moreton Bay Marine Park rezoning on commercial fishermen",30,0.01,26.83,18.72,0.6
"44","Involving local fishing communities in policy making: Addressing Illegal fishing in Indonesia",29,44,"Involving local fishing communities in policy making: Addressing Illegal fishing in Indonesia",29,0.01,27.76,18.3,0.58
"45","Understanding employment growth in the recession: The geographic diversity of state rescaling",29,45,"Understanding employment growth in the recession: The geographic diversity of state rescaling",29,0.01,27.76,17.89,0.62
"46","Getting into Fishing: Recruitment and Social Resilience in North Norfolk's 'Cromer Crab' Fishery, UK",28,46,"Getting into Fishing: Recruitment and Social Resilience in North Norfolk's 'Cromer Crab' Fishery, UK",28,0.01,28.75,17.5,0.6
"47","Beyond the desertification narrative: A framework for agricultural drought in semi-arid East Africa",28,47,"Beyond the desertification narrative: A framework for agricultural drought in semi-arid East Africa",28,0.01,28.75,17.13,0.63
"48","Confronting chronic shocks: Social resilience in Rio de Janeiro's poor neighborhoods",27,48,"Confronting chronic shocks: Social resilience in Rio de Janeiro's poor neighborhoods",27,0.01,29.81,16.77,0.61
"49","Quantifying resilience and uncertainty in coastal flooding events: Framework for assessing urban vulnerability",27,49,"Quantifying resilience and uncertainty in coastal flooding events: Framework for assessing urban vulnerability",27,0.01,29.81,16.43,0.64
"50","Effect of information system artifacts on organizational resilience: A study among Malaysian SMEs",26,50,"Effect of information system artifacts on organizational resilience: A study among Malaysian SMEs",26,0,30.96,16.1,0.61
"51","An analysis of UNFCCC-financed coastal adaptation projects: Assessing patterns of project design and contributions to adaptive capacity",25,51,"An analysis of UNFCCC-financed coastal adaptation projects: Assessing patterns of project design and contributions to adaptive capacity",25,0,32.2,15.78,0.58
"52","Why Garden? Personal and Abiding Motivations for Community Gardening in New York City",25,52,"Why Garden? Personal and Abiding Motivations for Community Gardening in New York City",25,0,32.2,15.48,0.61
"53","Anti-racism ‘from below’: exploring repertoires of everyday anti-racism",25,53,"Anti-racism ‘from below’: exploring repertoires of everyday anti-racism",25,0,32.2,15.19,0.65
"54","Project argus and the resilient citizen",24,54,"Project argus and the resilient citizen",24,0,33.54,14.91,0.61
"55","Rising seas, immobilities, and translocality in small island states: case studies from Fiji and Tuvalu",22,55,"Rising seas, immobilities, and translocality in small island states: case studies from Fiji and Tuvalu",22,0,36.59,14.64,0.5
"56","Environmental change and the livelihood resilience of coffee farmers in Jamaica: A case study of the Cedar Valley farming region",22,56,"Environmental change and the livelihood resilience of coffee farmers in Jamaica: A case study of the Cedar Valley farming region",22,0,36.59,14.38,0.53
"57","Disaster, relocation, and resilience: recovery and adaptation of Karamemedesane in Lily Tribal Community after Typhoon Morakot, Taiwan",22,57,"Disaster, relocation, and resilience: recovery and adaptation of Karamemedesane in Lily Tribal Community after Typhoon Morakot, Taiwan",22,0,36.59,14.12,0.56
"58","Views from the dock: Warming waters, adaptation, and the future of Maine’s lobster fishery",22,58,"Views from the dock: Warming waters, adaptation, and the future of Maine’s lobster fishery",22,0,36.59,13.88,0.59
"59","Wellbeing and urban governance: Who fails, survives or thrives in informal settlements in Bangladeshi cities?",22,59,"Wellbeing and urban governance: Who fails, survives or thrives in informal settlements in Bangladeshi cities?",22,0,36.59,13.64,0.61
"60","The characterization of socio-political instability, development and sustainability with Fisher information",22,60,"The characterization of socio-political instability, development and sustainability with Fisher information",22,0,36.59,13.42,0.64
"61","Living in an Emerging Settlement: the Story of Hopley Farm Settlement, Harare Zimbabwe",20,61,"Living in an Emerging Settlement: the Story of Hopley Farm Settlement, Harare Zimbabwe",20,0,40.25,13.2,0.52
"62","'More-than-human' resilience(s)? Enhancing community in Finnish forest farms",20,62,"'More-than-human' resilience(s)? Enhancing community in Finnish forest farms",20,0,40.25,12.98,0.54
"63","Stigmatisation of Cities. The Vulnerability of Local Identities; [Stigmatisierung von Städten. Zur Vulnerabilität lokaler Identitäten]",20,63,"Stigmatisation of Cities. The Vulnerability of Local Identities; [Stigmatisierung von Städten. Zur Vulnerabilität lokaler Identitäten]",20,0,40.25,12.78,0.56
"64","Smallholder farmer resilience to water scarcity",19,64,"Smallholder farmer resilience to water scarcity",19,0,42.37,12.58,0.51
"65","The “whole systems” energy sustainability of digitalization: Humanizing the community risks and benefits of Nordic datacenter development",19,65,"The “whole systems” energy sustainability of digitalization: Humanizing the community risks and benefits of Nordic datacenter development",19,0,42.37,12.38,0.53
"66","Changing food systems and their resilience in the Karakoram Mountains of Northern Pakistan: A case study of nagar",19,66,"Changing food systems and their resilience in the Karakoram Mountains of Northern Pakistan: A case study of nagar",19,0,42.37,12.2,0.56
"67","The Indian exception: The densification of the network of corporate interlocks and the specificities of the Indian business system (2000-2012)",19,67,"The Indian exception: The densification of the network of corporate interlocks and the specificities of the Indian business system (2000-2012)",19,0,42.37,12.01,0.58
"68","Double exposures and decision making: Adaptation policy and planning in Ireland's coastal cities during a boom-bust cycle",19,68,"Double exposures and decision making: Adaptation policy and planning in Ireland's coastal cities during a boom-bust cycle",19,0,42.37,11.84,0.6
"69","Taking subnational and regional welfare states seriously: Insights from the Quebec case",18,69,"Taking subnational and regional welfare states seriously: Insights from the Quebec case",18,0,44.72,11.67,0.54
"70","Adapting to the Anthropocene: Some Reflections on Development and Climate in the West African Sahel",18,70,"Adapting to the Anthropocene: Some Reflections on Development and Climate in the West African Sahel",18,0,44.72,11.5,0.57
"71","Adaptive capacity of fishing communities at marine protected areas: A case study from the colombian pacific",18,71,"Adaptive capacity of fishing communities at marine protected areas: A case study from the colombian pacific",18,0,44.72,11.34,0.59
"72","“Provide our basic needs or we go out”: the COVID-19 pandemic lockdown, inequality, and social policy in Ghana",17,72,"“Provide our basic needs or we go out”: the COVID-19 pandemic lockdown, inequality, and social policy in Ghana",17,0,47.35,11.18,0.52
"73","The role of government in forming agricultural policy: Economic resilience measuring index exploited",17,73,"The role of government in forming agricultural policy: Economic resilience measuring index exploited",17,0,47.35,11.03,0.54
"74","Riding the Covid waves: authoritarian socio-economic responses of east central Europe’s anti-liberal governments",16,74,"Riding the Covid waves: authoritarian socio-economic responses of east central Europe’s anti-liberal governments",16,0,50.31,10.88,0.47
"75","International courts in atypical political environments: The interplay of prosecutorial strategy, evidence, and court authority in International Criminal law",16,75,"International courts in atypical political environments: The interplay of prosecutorial strategy, evidence, and court authority in International Criminal law",16,0,50.31,10.73,0.49
"76","Building Back: Stratified Recovery After an EF-4 Tornado in Tuscaloosa, Alabama",16,76,"Building Back: Stratified Recovery After an EF-4 Tornado in Tuscaloosa, Alabama",16,0,50.31,10.59,0.51
"77","Using and Refusing the Law: Indigenous Struggles and Legal Strategies after Neoliberal Multiculturalism",15,77,"Using and Refusing the Law: Indigenous Struggles and Legal Strategies after Neoliberal Multiculturalism",15,0,53.67,10.45,0.44
"78","Building collapse in cities in Ghana: A case for a historical-institutional grounding for building risks in developing countries",15,78,"Building collapse in cities in Ghana: A case for a historical-institutional grounding for building risks in developing countries",15,0,53.67,10.32,0.45
"79","Effect of sidewalk vendors on pedestrian movement characteristics: A microscopic simulation study of Addis Ababa, Ethiopia",15,79,"Effect of sidewalk vendors on pedestrian movement characteristics: A microscopic simulation study of Addis Ababa, Ethiopia",15,0,53.67,10.19,0.47
"80","The pain of water: A household perspective of water insecurity and inequity in the Kathmandu Valley",15,80,"The pain of water: A household perspective of water insecurity and inequity in the Kathmandu Valley",15,0,53.67,10.06,0.49
"81","Alaska’s Next Generation of Potential Fishermen: a Survey of Youth Attitudes Towards Fishing and Community in Bristol Bay and the Kodiak Archipelago",15,81,"Alaska’s Next Generation of Potential Fishermen: a Survey of Youth Attitudes Towards Fishing and Community in Bristol Bay and the Kodiak Archipelago",15,0,53.67,9.94,0.51
"82","Marginalization and social change processes among lesbian, gay, bisexual and transgender persons in Swaziland: implications for HIV prevention",15,82,"Marginalization and social change processes among lesbian, gay, bisexual and transgender persons in Swaziland: implications for HIV prevention",15,0,53.67,9.82,0.53
"83","Contributions of gaming simulation in building community-based disaster risk management applying Japanese case to flood prone communities in Thailand upstream area",15,83,"Contributions of gaming simulation in building community-based disaster risk management applying Japanese case to flood prone communities in Thailand upstream area",15,0,53.67,9.7,0.55
"84","Bent But Not Broken: Remembering Vulnerability and Resiliency at the National September 11 Memorial Museum",15,84,"Bent But Not Broken: Remembering Vulnerability and Resiliency at the National September 11 Memorial Museum",15,0,53.67,9.58,0.57
"85","The vulnerability of the US food system to climate change",15,85,"The vulnerability of the US food system to climate change",15,0,53.67,9.47,0.58
"86","Roles, duties and challenges of special/support teachers at secondary education: implications for promoting inclusive practices",15,86,"Roles, duties and challenges of special/support teachers at secondary education: implications for promoting inclusive practices",15,0,53.67,9.36,0.6
"87","Utilization of the food provisioning service of urban community gardens: Current status, contributors and their social acceptance in Singapore",14,87,"Utilization of the food provisioning service of urban community gardens: Current status, contributors and their social acceptance in Singapore",14,0,57.5,9.25,0.51
"88","Local aspects of change in the rural-urban fringe of a metropolitan area: A study of Bucharest, Romania",14,88,"Local aspects of change in the rural-urban fringe of a metropolitan area: A study of Bucharest, Romania",14,0,57.5,9.15,0.53
"89","Development and evaluation of FLFAcs - A new Flood Loss Function for Australian commercial structures",14,89,"Development and evaluation of FLFAcs - A new Flood Loss Function for Australian commercial structures",14,0,57.5,9.04,0.55
"90","Adaptation strategies in communities under precarious housing: Flooding risks in the peri-urban sector of the city of Morelia, Michoacán, México",14,90,"Adaptation strategies in communities under precarious housing: Flooding risks in the peri-urban sector of the city of Morelia, Michoacán, México",14,0,57.5,8.94,0.57
"91","Hydrologic interdependencies and human cooperation: The process of adapting to droughts",14,91,"Hydrologic interdependencies and human cooperation: The process of adapting to droughts",14,0,57.5,8.85,0.58
"92","Who do growers trust? Engaging biosecurity knowledges to negotiate risk management in the north Queensland banana industry, Australia",13,92,"Who do growers trust? Engaging biosecurity knowledges to negotiate risk management in the north Queensland banana industry, Australia",13,0,61.92,8.75,0.49
"93","Weather, climate, and narrative: A relational model for democratizing risk communication",13,93,"Weather, climate, and narrative: A relational model for democratizing risk communication",13,0,61.92,8.66,0.5
"94","A Moral Economy of Water: Charity Wells in Egypt's Nile Delta",13,94,"A Moral Economy of Water: Charity Wells in Egypt's Nile Delta",13,0,61.92,8.56,0.52
"95","Livelihood assessment in district 1 of Medellin - Colombia",13,95,"Livelihood assessment in district 1 of Medellin - Colombia",13,0,61.92,8.47,0.53
"96","Forest or oil palm plantation? Interpretation of local responses to the oil palm promises in Kalimantan, Indonesia",12,96,"Forest or oil palm plantation? Interpretation of local responses to the oil palm promises in Kalimantan, Indonesia",12,0,67.08,8.39,0.43
"97","The working class left behind? The class gap in life satisfaction in Germany and Switzerland over the last decades",12,97,"The working class left behind? The class gap in life satisfaction in Germany and Switzerland over the last decades",12,0,67.08,8.3,0.45
"98","The poverty of resilience: On memory, meaning, and well-being",12,98,"The poverty of resilience: On memory, meaning, and well-being",12,0,67.08,8.21,0.46
"99","Resource-Use Patterns in Swidden Farming Communities: Implications for the Resilience of Cassava Diversity",12,99,"Resource-Use Patterns in Swidden Farming Communities: Implications for the Resilience of Cassava Diversity",12,0,67.08,8.13,0.48
"100","A critical examination of leisure in modernity: Rejecting instrumentalism and embracing flourishing",11,100,"A critical examination of leisure in modernity: Rejecting instrumentalism and embracing flourishing",11,0,73.18,8.05,0.37
"101","Beyond issue diversification: N-VA and the communitarisation of political, economic and cultural conflicts in Belgium",11,101,"Beyond issue diversification: N-VA and the communitarisation of political, economic and cultural conflicts in Belgium",11,0,73.18,7.97,0.38
"102","The politics of flood control and the making of metro manila",11,102,"The politics of flood control and the making of metro manila",11,0,73.18,7.89,0.39
"103","Political resilience to terrorism in Europe: Introduction to the special issue",11,103,"Political resilience to terrorism in Europe: Introduction to the special issue",11,0,73.18,7.82,0.41
"104","A narrative inquiry into the emotional effects of English medium instruction, language learning, and career opportunities",10,104,"A narrative inquiry into the emotional effects of English medium instruction, language learning, and career opportunities",10,0,80.5,7.74,0.29
"105","Elaborating a people-centered approach to understanding sustainable livelihoods under climate and environmental change: Thang Binh District, Quang Nam Province, Vietnam",10,105,"Elaborating a people-centered approach to understanding sustainable livelihoods under climate and environmental change: Thang Binh District, Quang Nam Province, Vietnam",10,0,80.5,7.67,0.3
"106","Five things government can do to encourage local food contingency plans",10,106,"Five things government can do to encourage local food contingency plans",10,0,80.5,7.59,0.32
"107","Existential fisheries dependence: Remaining on the map through fishing",10,107,"Existential fisheries dependence: Remaining on the map through fishing",10,0,80.5,7.52,0.33
"108","Amazonia and the cultural politics of extractivism: Sumak Kawsay and Block 20 of Ecuador",10,108,"Amazonia and the cultural politics of extractivism: Sumak Kawsay and Block 20 of Ecuador",10,0,80.5,7.45,0.34
"109","International opportunities on the way up: alternative career paths of descendants of migrants from Turkey in the field of professional business services",10,109,"International opportunities on the way up: alternative career paths of descendants of migrants from Turkey in the field of professional business services",10,0,80.5,7.39,0.35
"110","Subjective Wellbeing: Telling Only Half the Story: A Commentary on Diener et al. (2012). Theory and Validity of Life Satisfaction Scales. Social Indicators Research",10,110,"Subjective Wellbeing: Telling Only Half the Story: A Commentary on Diener et al. (2012). Theory and Validity of Life Satisfaction Scales. Social Indicators Research",10,0,80.5,7.32,0.37
"111","Sustainable business: Are we heading in the right direction?",10,111,"Sustainable business: Are we heading in the right direction?",10,0,80.5,7.25,0.38
"112","Pluralistic and equitable education in the neoliberal era: paradoxes and contradictions",9,112,"Pluralistic and equitable education in the neoliberal era: paradoxes and contradictions",9,0,89.44,7.19,0.25
"113","Carbon stock assessment of mangrove ecosystems in Batticaloa Lagoon, Sri Lanka, with different degrees of human disturbances",9,113,"Carbon stock assessment of mangrove ecosystems in Batticaloa Lagoon, Sri Lanka, with different degrees of human disturbances",9,0,89.44,7.12,0.26
"114","Perception of change: Narratives and strategies of farmers in Madagascar",9,114,"Perception of change: Narratives and strategies of farmers in Madagascar",9,0,89.44,7.06,0.27
"115","Faith Affiliation, Religiosity, and Attitudes Towards the Environment and Climate Change",9,115,"Faith Affiliation, Religiosity, and Attitudes Towards the Environment and Climate Change",9,0,89.44,7,0.29
"116","Earthquake in Haiti: Kleist and the birth of modern disaster discourse",9,116,"Earthquake in Haiti: Kleist and the birth of modern disaster discourse",9,0,89.44,6.94,0.3
"117","Differential ability and attainment in language and arithmetic of Dutch primary school pupils",9,117,"Differential ability and attainment in language and arithmetic of Dutch primary school pupils",9,0,89.44,6.88,0.31
"118","Socio-economic conditions of small-scale hilsa fishers in the meghna river estuary of Chandpur, Bangladesh",8,118,"Socio-economic conditions of small-scale hilsa fishers in the meghna river estuary of Chandpur, Bangladesh",8,0,100.62,6.82,0.17
"119","Systems approach to eastern baltic coastal zone management",8,119,"Systems approach to eastern baltic coastal zone management",8,0,100.62,6.76,0.18
"120","Bounded relationality: How intermediary organizations encourage consumer exchanges with routinized relational work in a social insurance market",8,120,"Bounded relationality: How intermediary organizations encourage consumer exchanges with routinized relational work in a social insurance market",8,0,100.62,6.71,0.19
"121","'Does the United States' withdrawal from the paris agreement on climate change pass the cost-benefit analysis test?",8,121,"'Does the United States' withdrawal from the paris agreement on climate change pass the cost-benefit analysis test?",8,0,100.62,6.65,0.2
"122","The social contract of artists in the era of cultural industries",8,122,"The social contract of artists in the era of cultural industries",8,0,100.62,6.6,0.21
"123","Resilient or Not: A comparative case study of ten local water markets in China",8,123,"Resilient or Not: A comparative case study of ten local water markets in China",8,0,100.62,6.54,0.22
"124","See the Benefit: Adversity Appraisal and Subjective Value in Negotiation",8,124,"See the Benefit: Adversity Appraisal and Subjective Value in Negotiation",8,0,100.62,6.49,0.23
"125","Everyday disasters, stagnation and the normalcy of non-development: Roghun Dam, a flood, and campaigns of forced taxation in Southern Tajikistan",8,125,"Everyday disasters, stagnation and the normalcy of non-development: Roghun Dam, a flood, and campaigns of forced taxation in Southern Tajikistan",8,0,100.62,6.44,0.24
"126","Empirical analysis of building permits in response to hurricane landfalls",8,126,"Empirical analysis of building permits in response to hurricane landfalls",8,0,100.62,6.39,0.25
"127","Giving comfort, dispelling fear: Social welfare at the shrine of data Ganj Bukhsh in Lahore, Pakistan",8,127,"Giving comfort, dispelling fear: Social welfare at the shrine of data Ganj Bukhsh in Lahore, Pakistan",8,0,100.62,6.34,0.26
"128","Devices of oblivion: How Islamic schools rescue 'orphaned' children from traumatic experiences in Aceh (Indonesia)",8,128,"Devices of oblivion: How Islamic schools rescue 'orphaned' children from traumatic experiences in Aceh (Indonesia)",8,0,100.62,6.29,0.27
"129","Flexibility and Adaptation: Creating a Strategy for Resilience",7,129,"Flexibility and Adaptation: Creating a Strategy for Resilience",7,0,115,6.24,0.12
"130","Linking migration to community resilience in the receiving basin of a large-scale water transfer project",7,130,"Linking migration to community resilience in the receiving basin of a large-scale water transfer project",7,0,115,6.19,0.13
"131","Assessing the vulnerability of remittance networks to geopolitical shocks in countries of the former USSR: An econometric analysis",7,131,"Assessing the vulnerability of remittance networks to geopolitical shocks in countries of the former USSR: An econometric analysis",7,0,115,6.15,0.14
"132","Resilience to climate change in industrial shrimping in Bangladesh: Assessing the comparative role of the stakeholders",7,132,"Resilience to climate change in industrial shrimping in Bangladesh: Assessing the comparative role of the stakeholders",7,0,115,6.1,0.15
"133","Urban flood hazard map using GIS of Muang Sukhothai district, Thailand",7,133,"Urban flood hazard map using GIS of Muang Sukhothai district, Thailand",7,0,115,6.05,0.16
"134","Assessment of resilience of pistachio agroecosystems in Rafsanjan plain in Iran",7,134,"Assessment of resilience of pistachio agroecosystems in Rafsanjan plain in Iran",7,0,115,6.01,0.16
"135","Toxic violence: The politics of militarized toxicity in Iraq and Afghanistan",7,135,"Toxic violence: The politics of militarized toxicity in Iraq and Afghanistan",7,0,115,5.96,0.17
"136","Making Civil Society Sustainable: The Legacy of USAID in Croatia",7,136,"Making Civil Society Sustainable: The Legacy of USAID in Croatia",7,0,115,5.92,0.18
"137","What drives the vulnerability of rural communities to climate variability? Consensus and diverging views in the Congo Basin",7,137,"What drives the vulnerability of rural communities to climate variability? Consensus and diverging views in the Congo Basin",7,0,115,5.88,0.19
"138","The re-emergence of wardship: Aboriginal Australians and the promise of citizenship",7,138,"The re-emergence of wardship: Aboriginal Australians and the promise of citizenship",7,0,115,5.83,0.2
"139","Economic growth and housing spending within social protection: Correlation and causal study",6,139,"Economic growth and housing spending within social protection: Correlation and causal study",6,0,134.17,5.79,0.04
"140","Fishy childhoods in space and time: intergenerational continuities and changes",6,140,"Fishy childhoods in space and time: intergenerational continuities and changes",6,0,134.17,5.75,0.04
"141","Prioritising well-being and resilience to ‘build back better’: insights from a Dominican small-scale fishing community",6,141,"Prioritising well-being and resilience to ‘build back better’: insights from a Dominican small-scale fishing community",6,0,134.17,5.71,0.05
"142","Temporary flood marks proposal: What we learned after losing the baroque artifact from Cracow, Poland",6,142,"Temporary flood marks proposal: What we learned after losing the baroque artifact from Cracow, Poland",6,0,134.17,5.67,0.06
"143","Laying the groundwork for raising awareness on water related issues with a socio-hydrogeological approach: The inle lake case study (southern shan state, myanmar)",6,143,"Laying the groundwork for raising awareness on water related issues with a socio-hydrogeological approach: The inle lake case study (southern shan state, myanmar)",6,0,134.17,5.63,0.07
"144","Effect and impact of indigenous knowledge on local biodiversity and social resilience in pamir region of tajik and afghan badakhshan",6,144,"Effect and impact of indigenous knowledge on local biodiversity and social resilience in pamir region of tajik and afghan badakhshan",6,0,134.17,5.59,0.07
"145","The city-island-state, wounding cascade, and multi-level vulnerability explored through the lens of Malta",6,145,"The city-island-state, wounding cascade, and multi-level vulnerability explored through the lens of Malta",6,0,134.17,5.55,0.08
"146","Ceramic technology at Wadi Fidan 61, an early Pottery Neolithic site (ca. 6500 B.C.E.) in the Faynan region of southern Jordan",6,146,"Ceramic technology at Wadi Fidan 61, an early Pottery Neolithic site (ca. 6500 B.C.E.) in the Faynan region of southern Jordan",6,0,134.17,5.51,0.09
"147","“The Right Way, the Wrong Way, and the Blueville Way”: Standards and Cultural Match in the Police Organization",6,147,"“The Right Way, the Wrong Way, and the Blueville Way”: Standards and Cultural Match in the Police Organization",6,0,134.17,5.48,0.09
"148","The evolution and importance of 'rules-in-use' and low-level penalties in village-level collective action",6,148,"The evolution and importance of 'rules-in-use' and low-level penalties in village-level collective action",6,0,134.17,5.44,0.1
"149","Identifying Constraints to Increase the Resilience of Cities: A Case Study of the City of Porto Alegre",6,149,"Identifying Constraints to Increase the Resilience of Cities: A Case Study of the City of Porto Alegre",6,0,134.17,5.4,0.11
"150","A continuum of nation-state resiliency to watershed terrorist events",6,150,"A continuum of nation-state resiliency to watershed terrorist events",6,0,134.17,5.37,0.12
"151","Measuring attitudes to national identity and nation-building in Papua New Guinea",6,151,"Measuring attitudes to national identity and nation-building in Papua New Guinea",6,0,134.17,5.33,0.13
"152","Towards alternative strategies for sustainable development in Africa",6,152,"Towards alternative strategies for sustainable development in Africa",6,0,134.17,5.3,0.13
"153","Recreating a Plausible Future: Combining Cultural Repertoires in Unsettled Times",5,153,"Recreating a Plausible Future: Combining Cultural Repertoires in Unsettled Times",5,0,161,5.26,0.05
"154","Digital media, friendships and migrants’ entangled and non-linear inclusion and exclusion",5,154,"Digital media, friendships and migrants’ entangled and non-linear inclusion and exclusion",5,0,161,5.23,0.04
"155","Exploring European Citizens’ Resilience to Misinformation: Media Legitimacy and Media Trust as Predictive Variables",5,155,"Exploring European Citizens’ Resilience to Misinformation: Media Legitimacy and Media Trust as Predictive Variables",5,0,161,5.19,0.04
"156","Iran and COVID-19: A Bottom-up, Faith-Driven, Citizen-Supported Response",5,156,"Iran and COVID-19: A Bottom-up, Faith-Driven, Citizen-Supported Response",5,0,161,5.16,0.03
"157","The influence of expertise on perceived and actual household disaster preparedness",5,157,"The influence of expertise on perceived and actual household disaster preparedness",5,0,161,5.13,0.03
"158","Learning in, with, and through the territory: Territory-based learning as a catalyst for urban sustainability",5,158,"Learning in, with, and through the territory: Territory-based learning as a catalyst for urban sustainability",5,0,161,5.09,0.02
"159","Interrogating urban projections in audio-visual ‘smart city’ narratives",5,159,"Interrogating urban projections in audio-visual ‘smart city’ narratives",5,0,161,5.06,0.01
"160","Resilience in a changing world: Indigenous sharing networks in the Republic of Sakha (Yakutia)",5,160,"Resilience in a changing world: Indigenous sharing networks in the Republic of Sakha (Yakutia)",5,0,161,5.03,0.01
"161","Community versus Commodity in Francophone Canada: A Multilevel Approach to the Neoliberalization of Immigration",5,161,"Community versus Commodity in Francophone Canada: A Multilevel Approach to the Neoliberalization of Immigration",5,0,161,5,0
"162","Regulations and housing informality in African cities: appropriating regulatory frameworks to factors that influence resilience",5,162,"Regulations and housing informality in African cities: appropriating regulatory frameworks to factors that influence resilience",5,0,161,4.97,0.01
"163","How important is participatory constitution-making? Lessons from Timor-Leste and Bougainville",5,163,"How important is participatory constitution-making? Lessons from Timor-Leste and Bougainville",5,0,161,4.94,0.01
"164","Resilience in gay and lesbian parent families: Perspectives from the chrono-system",5,164,"Resilience in gay and lesbian parent families: Perspectives from the chrono-system",5,0,161,4.91,0.02
"165","Spatial and social resilience in Phnom Penh, Cambodia since 1979",5,165,"Spatial and social resilience in Phnom Penh, Cambodia since 1979",5,0,161,4.88,0.02
"166","Internal dynamics and external interventions",5,166,"Internal dynamics and external interventions",5,0,161,4.85,0.03
"167","The importance of the seafood processing sector to coastal community resilience",4,167,"The importance of the seafood processing sector to coastal community resilience",4,0,201.25,4.82,0.17
"168","Urban climate justice in hot-arid regions: Vulnerability assessment and spatial analysis of socio-economic and housing inequality in Isfahan, Iran",4,168,"Urban climate justice in hot-arid regions: Vulnerability assessment and spatial analysis of socio-economic and housing inequality in Isfahan, Iran",4,0,201.25,4.79,0.16
"169","“What is a ‘very severe cyclone’ please”? Uncovering knowledge and communication gaps in climate resilience realities",4,169,"“What is a ‘very severe cyclone’ please”? Uncovering knowledge and communication gaps in climate resilience realities",4,0,201.25,4.76,0.16
"170","Real-life resilience: Exploring the organisational environment of international water utilities",4,170,"Real-life resilience: Exploring the organisational environment of international water utilities",4,0,201.25,4.74,0.16
"171","The Role of Urban Forests as Carbon Sink: A Case Study in the Urban Forest of Banda Aceh, Indonesia",4,171,"The Role of Urban Forests as Carbon Sink: A Case Study in the Urban Forest of Banda Aceh, Indonesia",4,0,201.25,4.71,0.15
"172","Evaluation of the Resilience of the Socio-Hydrological System of the Tarim River Basin in China and Analysis of the Degree of Barriers",4,172,"Evaluation of the Resilience of the Socio-Hydrological System of the Tarim River Basin in China and Analysis of the Degree of Barriers",4,0,201.25,4.68,0.15
"173","Lessons learned from a natural resource disaster: The long-term impacts of the Long Island Sound lobster die-off on individuals and communities",4,173,"Lessons learned from a natural resource disaster: The long-term impacts of the Long Island Sound lobster die-off on individuals and communities",4,0,201.25,4.65,0.14
"174","Perceived Impact of COVID-19 on Small-Scale Fishers of Trang Province, Thailand and Their Coping Strategies",4,174,"Perceived Impact of COVID-19 on Small-Scale Fishers of Trang Province, Thailand and Their Coping Strategies",4,0,201.25,4.63,0.14
"175","When the natural pendulum swings between drought and flood, a bifunctional natural drainage system safeguards a mountain village’s water security incessantly for centuries",4,175,"When the natural pendulum swings between drought and flood, a bifunctional natural drainage system safeguards a mountain village’s water security incessantly for centuries",4,0,201.25,4.6,0.13
"176","Capacity-Building in Community-Based Drug Treatment Services",4,176,"Capacity-Building in Community-Based Drug Treatment Services",4,0,201.25,4.57,0.12
"177","Communicative channels for pro-social resilience in an age of polarization",4,177,"Communicative channels for pro-social resilience in an age of polarization",4,0,201.25,4.55,0.12
"178","Tolerance as Implicit Order: Militias and Sexual Violence as Practice in Indonesian Counterinsurgency Operations",4,178,"Tolerance as Implicit Order: Militias and Sexual Violence as Practice in Indonesian Counterinsurgency Operations",4,0,201.25,4.52,0.12
"179","‘Implicit’ remittances in family relationships: The case of Bangladeshis in Italy and beyond",4,179,"‘Implicit’ remittances in family relationships: The case of Bangladeshis in Italy and beyond",4,0,201.25,4.5,0.11
"180","Fishing against the odds: fishers’ motivations to carry on fishing in the wake of the hindering EU Common Fishery Policy—a case study in North Shields, UK",4,180,"Fishing against the odds: fishers’ motivations to carry on fishing in the wake of the hindering EU Common Fishery Policy—a case study in North Shields, UK",4,0,201.25,4.47,0.11
"181","Earning rent with your talent: Modern-day inequality rests on the power to define, transfer and institutionalize talent",4,181,"Earning rent with your talent: Modern-day inequality rests on the power to define, transfer and institutionalize talent",4,0,201.25,4.45,0.1
"182","News Flows, Inter-Media Connectivity and Societal Resilience in Times of Crisis",4,182,"News Flows, Inter-Media Connectivity and Societal Resilience in Times of Crisis",4,0,201.25,4.42,0.1
"183","Ambivalent ‘Indigeneities’ in an independent Timor-Leste: Between the customary and national governance of resources",4,183,"Ambivalent ‘Indigeneities’ in an independent Timor-Leste: Between the customary and national governance of resources",4,0,201.25,4.4,0.09
"184","Citizenship at sea: Environmental displacement and state relations in the Indian Sundarbans",4,184,"Citizenship at sea: Environmental displacement and state relations in the Indian Sundarbans",4,0,201.25,4.38,0.09
"185","Michèle Lamont: A Portrait of a Capacious Sociologist",4,185,"Michèle Lamont: A Portrait of a Capacious Sociologist",4,0,201.25,4.35,0.08
"186","Farm-scale adaptation under extreme climate and rapid economic transition",4,186,"Farm-scale adaptation under extreme climate and rapid economic transition",4,0,201.25,4.33,0.08
"187","Property rights and climate change vulnerability in Turkish forest communities: A case study from Seyhan River Basin, Turkey",4,187,"Property rights and climate change vulnerability in Turkish forest communities: A case study from Seyhan River Basin, Turkey",4,0,201.25,4.3,0.07
"188","Governance and counter-terrorism: Engaging moderate and non-violent extremist movements in combatting jihadist-linked terrorism",3,188,"Governance and counter-terrorism: Engaging moderate and non-violent extremist movements in combatting jihadist-linked terrorism",3,0,268.33,4.28,0.3
"189","Locating agency at the urban grassroots: Resistance and reworking in the everyday politics of informal settlements",3,189,"Locating agency at the urban grassroots: Resistance and reworking in the everyday politics of informal settlements",3,0,268.33,4.26,0.3
"190","Manuring and land exploitation in the Central Plains of late Longshan (2200–1900 BCE) China: Implications of stable isotopes of archaeobotanical remains",3,190,"Manuring and land exploitation in the Central Plains of late Longshan (2200–1900 BCE) China: Implications of stable isotopes of archaeobotanical remains",3,0,268.33,4.24,0.29
"191","A Sample of Resilient Intercultural Coexistence in Ethnic Hungarian, Serbian and Bulgarian Communities in Western Romania",3,191,"A Sample of Resilient Intercultural Coexistence in Ethnic Hungarian, Serbian and Bulgarian Communities in Western Romania",3,0,268.33,4.21,0.29
"192","The 2021 Western Germany flood event: The value of flood risk dissemination strategies and social media",3,192,"The 2021 Western Germany flood event: The value of flood risk dissemination strategies and social media",3,0,268.33,4.19,0.28
"193","Towards a Swiss Army Knife State? The changing face of economic interventionism in advanced democracies, 1980–2015",3,193,"Towards a Swiss Army Knife State? The changing face of economic interventionism in advanced democracies, 1980–2015",3,0,268.33,4.17,0.28
"194","The Living Memorial movement:Building resilience based on grief",3,194,"The Living Memorial movement:Building resilience based on grief",3,0,268.33,4.15,0.28
"195","Fishing livelihoods and diversifications in the mekong river basin in the context of the pak mun dam, Thailand",3,195,"Fishing livelihoods and diversifications in the mekong river basin in the context of the pak mun dam, Thailand",3,0,268.33,4.13,0.27
"196","Exploring the link between livelihood capital assets as index of climate change adaptive capacity and socio-economic issues: A case of small scale maize farmers in South Africa",3,196,"Exploring the link between livelihood capital assets as index of climate change adaptive capacity and socio-economic issues: A case of small scale maize farmers in South Africa",3,0,268.33,4.11,0.27
"197","Slow City development in China: process, approaches and acceptability",3,197,"Slow City development in China: process, approaches and acceptability",3,0,268.33,4.09,0.27
"198","Passing the test? From immigrant to citizen in a multicultural country",3,198,"Passing the test? From immigrant to citizen in a multicultural country",3,0,268.33,4.07,0.26
"199","Growth and resilience of informal settlements: toward informal contractual frameworks as alternatives for enhancing low-income housing",3,199,"Growth and resilience of informal settlements: toward informal contractual frameworks as alternatives for enhancing low-income housing",3,0,268.33,4.05,0.26
"200","Concrete-block farmers in Mexico",3,200,"Concrete-block farmers in Mexico",3,0,268.33,4.03,0.26
"201","WeChat business and place identity construction in rural China: A case study of Beiqishui village, Zhouzhi county",2,201,"WeChat business and place identity construction in rural China: A case study of Beiqishui village, Zhouzhi county",2,0,402.5,4,0.5
"202","Leveraging emotional solidarity in disaster recovery",2,202,"Leveraging emotional solidarity in disaster recovery",2,0,402.5,3.99,0.5
"203","International students’ linguistic entrepreneurship: motivation, ‘Chinese fever’ and the neoliberal burden",2,203,"International students’ linguistic entrepreneurship: motivation, ‘Chinese fever’ and the neoliberal burden",2,0,402.5,3.97,0.5
"204","The priorities and coping strategies of severely food insecure households in Beira in response to Cyclone Idai",2,204,"The priorities and coping strategies of severely food insecure households in Beira in response to Cyclone Idai",2,0,402.5,3.95,0.49
"205","‘Choosing the lesser of evils’: cultural narrative and career decision-making in post-Soviet Russia",2,205,"‘Choosing the lesser of evils’: cultural narrative and career decision-making in post-Soviet Russia",2,0,402.5,3.93,0.49
"206","Resilience in Local Housing Policy? Liberal or Restrictive Policy Stances Among Swedish Municipalities Following the Great Migration in the Summer of 2015",2,206,"Resilience in Local Housing Policy? Liberal or Restrictive Policy Stances Among Swedish Municipalities Following the Great Migration in the Summer of 2015",2,0,402.5,3.91,0.49
"207","The Premium of Hilsa Sanctuary: A Socio-Economic and Ecological Evaluation from the Meghna Estuary, Bangladesh",2,207,"The Premium of Hilsa Sanctuary: A Socio-Economic and Ecological Evaluation from the Meghna Estuary, Bangladesh",2,0,402.5,3.89,0.49
"208","Toward Sustainable Communities: A Case Study of the Eastern Market in Detroit",2,208,"Toward Sustainable Communities: A Case Study of the Eastern Market in Detroit",2,0,402.5,3.87,0.48
"209","When the Medium Is Not the Message: Breivik, Tarrant, and the Conceptions of History of Contemporary Right-Wing Extremist Lone-Actor Terrorists",2,209,"When the Medium Is Not the Message: Breivik, Tarrant, and the Conceptions of History of Contemporary Right-Wing Extremist Lone-Actor Terrorists",2,0,402.5,3.85,0.48
"210","Introduction: Exploring societal resilience to online polarization and extremism",2,210,"Introduction: Exploring societal resilience to online polarization and extremism",2,0,402.5,3.83,0.48
"211","Scandalous denouncement: discrimination, difference, and queer scandal in urban Amazonian Peru",2,211,"Scandalous denouncement: discrimination, difference, and queer scandal in urban Amazonian Peru",2,0,402.5,3.82,0.48
"212","Neoliberalism of disaster and long-term recovery: The case of the 2010 earthquake in Talcahuano, Chile",2,212,"Neoliberalism of disaster and long-term recovery: The case of the 2010 earthquake in Talcahuano, Chile",2,0,402.5,3.8,0.47
"213","Cost-benefit analysis (Cba) of sustainable drainage systems (suds) retrofit: A case study",2,213,"Cost-benefit analysis (Cba) of sustainable drainage systems (suds) retrofit: A case study",2,0,402.5,3.78,0.47
"214","Resilience in a Kenyan informal settlement during the COVID-19 pandemic",2,214,"Resilience in a Kenyan informal settlement during the COVID-19 pandemic",2,0,402.5,3.76,0.47
"215","Does Targeting Always Mean Retrenchment? Housing Assistance “Exceptionalism” in the Canadian Welfare State",2,215,"Does Targeting Always Mean Retrenchment? Housing Assistance “Exceptionalism” in the Canadian Welfare State",2,0,402.5,3.74,0.47
"216","A critical intercultural stance from the margins: EFL education in a conflict-ridden context",2,216,"A critical intercultural stance from the margins: EFL education in a conflict-ridden context",2,0,402.5,3.73,0.46
"217","Effects of increases in fishery resource abundance on conservation compliance",2,217,"Effects of increases in fishery resource abundance on conservation compliance",2,0,402.5,3.71,0.46
"218","Rapid participatory system mapping builds agri-food system resilience: evidence from Nigeria",2,218,"Rapid participatory system mapping builds agri-food system resilience: evidence from Nigeria",2,0,402.5,3.69,0.46
"219","Is it a “window of opportunity” to develop a new normal of government-society cooperation in emergency management? A comprehensive review of social participation in covid-19 response",2,219,"Is it a “window of opportunity” to develop a new normal of government-society cooperation in emergency management? A comprehensive review of social participation in covid-19 response",2,0,402.5,3.68,0.46
"220","Cognitive processing and affect predict negotiators’ post-adversity subjective and economic outcomes",2,220,"Cognitive processing and affect predict negotiators’ post-adversity subjective and economic outcomes",2,0,402.5,3.66,0.45
"221","Climate Resilience: Youth Leaders Take on Flood Risk in Veracruz, Mexico",2,221,"Climate Resilience: Youth Leaders Take on Flood Risk in Veracruz, Mexico",2,0,402.5,3.64,0.45
"222","“Everybody Wants to Work with Me”: Collaborative Labor in Hip Hop",2,222,"“Everybody Wants to Work with Me”: Collaborative Labor in Hip Hop",2,0,402.5,3.63,0.45
"223","Supporting carers in a remote region of Quebec, Canada: How much space for social innovation?",2,223,"Supporting carers in a remote region of Quebec, Canada: How much space for social innovation?",2,0,402.5,3.61,0.45
"224","Maintaining the water consumption, in an urban system: A probabilistic approach is applied",2,224,"Maintaining the water consumption, in an urban system: A probabilistic approach is applied",2,0,402.5,3.59,0.44
"225","The diversity of fisheries based livelihoods in the Berau Delta, East Kalimantan",2,225,"The diversity of fisheries based livelihoods in the Berau Delta, East Kalimantan",2,0,402.5,3.58,0.44
"226","Rites vs rights: Female genital cutting at the crossroads of local values and global norms",2,226,"Rites vs rights: Female genital cutting at the crossroads of local values and global norms",2,0,402.5,3.56,0.44
"227","Bodies do matter! The rule of precariousness in Haiti",2,227,"Bodies do matter! The rule of precariousness in Haiti",2,0,402.5,3.55,0.44
"228","Challenges and policy implication of bridging the digital divide for native American Tribes:A community resilience approach",1,228,"Challenges and policy implication of bridging the digital divide for native American Tribes:A community resilience approach",1,0,805,3.53,0.72
"229","Individual factors impacting tourist satisfaction and revisit intention in slow tourism cities: an extended model",1,229,"Individual factors impacting tourist satisfaction and revisit intention in slow tourism cities: an extended model",1,0,805,3.52,0.72
"230","Posttraumatic growth and posttraumatic depreciation among people living with HIV: the role of resilience and HIV/AIDS stigma in the person-centered approach",1,230,"Posttraumatic growth and posttraumatic depreciation among people living with HIV: the role of resilience and HIV/AIDS stigma in the person-centered approach",1,0,805,3.5,0.71
"231","Gospels of (Re)conciliation in North Macedonia: Skating on the Thin Ice of Albanian-Macedonian Inter-Ethnic Dialogue",1,231,"Gospels of (Re)conciliation in North Macedonia: Skating on the Thin Ice of Albanian-Macedonian Inter-Ethnic Dialogue",1,0,805,3.48,0.71
"232","Adapting to Social–Ecological Risks to the Conservation of a Muskmelon Landrace in India",1,232,"Adapting to Social–Ecological Risks to the Conservation of a Muskmelon Landrace in India",1,0,805,3.47,0.71
"233","Terrorism and Political Tolerance toward “Fellow Travelers”",1,233,"Terrorism and Political Tolerance toward “Fellow Travelers”",1,0,805,3.45,0.71
"234","Adat, People Power and Religious Values: Sources of Social Resilience from the Early to Middle 19th Century in Bali1",1,234,"Adat, People Power and Religious Values: Sources of Social Resilience from the Early to Middle 19th Century in Bali1",1,0,805,3.44,0.71
"235","Social resilience and refugee housing: questioning the shift in responsibility for settlement: a reply to ‘The attributes of social resilience: understanding refugees’ housing choices’ by Francesca Perugia",1,235,"Social resilience and refugee housing: questioning the shift in responsibility for settlement: a reply to ‘The attributes of social resilience: understanding refugees’ housing choices’ by Francesca Perugia",1,0,805,3.43,0.71
"236","Empowering Indigenous natural hazards management in northern Australia",1,236,"Empowering Indigenous natural hazards management in northern Australia",1,0,805,3.41,0.71
"237","Increased vulnerability of family farming in the context of a weakened FNS agenda due to austerity measures in Brazil; [El aumento de la vulnerabilidad de la agricultura familiar en el contexto de una agenda de seguridad alimentaria debilitada por medidas de austeridad en Brazil]",1,237,"Increased vulnerability of family farming in the context of a weakened FNS agenda due to austerity measures in Brazil; [El aumento de la vulnerabilidad de la agricultura familiar en el contexto de una agenda de seguridad alimentaria debilitada por medidas de austeridad en Brazil]",1,0,805,3.4,0.71
"238","Climate change and the challenge of non-equilibrium thinking",1,238,"Climate change and the challenge of non-equilibrium thinking",1,0,805,3.38,0.7
"239","Nablus under Siege Religiosity and the Creation of Resilience",1,239,"Nablus under Siege Religiosity and the Creation of Resilience",1,0,805,3.37,0.7
"240","Experiencing graduated intimacies during lockdown (Fengcheng): A reflexive and comparative approach to the COVID-19 pandemic in urban China",1,240,"Experiencing graduated intimacies during lockdown (Fengcheng): A reflexive and comparative approach to the COVID-19 pandemic in urban China",1,0,805,3.35,0.7
"241","State Hazard Mitigation Planning: Moving from Risk to Resilience in Vermont",1,241,"State Hazard Mitigation Planning: Moving from Risk to Resilience in Vermont",1,0,805,3.34,0.7
"242","Food for thought: learning to build local food security and community-based disaster resilience through garden networks",1,242,"Food for thought: learning to build local food security and community-based disaster resilience through garden networks",1,0,805,3.33,0.7
"243","National identity and social resilience in the case of south Korea",1,243,"National identity and social resilience in the case of south Korea",1,0,805,3.31,0.7
"244","Trapped in regionalism: The EU and democracy promotion in the South Pacific",1,244,"Trapped in regionalism: The EU and democracy promotion in the South Pacific",1,0,805,3.3,0.7
"245","An information jungle: Socio-economic data for water management",1,245,"An information jungle: Socio-economic data for water management",1,0,805,3.29,0.7
